folder,vol_error_af,vol_error_pct,start_time,end_time,max_wse,max_depth,max_face_velocity,max_velocity,max_volume,max_flow_balance,max_wind_EventCond,max_prcp_EventCond,max_bc_flow_EventCond,max_bc_stage_EventCond,max_IC_elevation,unique_manning,unique_cell_infiltration_initial_deficit,unique_cell_infiltration_maximum_deficit,unique_cell_infiltration_pot_percolation_rate,unique_cell_impervious_pct_imper
SS0021_PP487_SM5_BF1_Base,612030.3125,0.05973116680979729,06Jan2050 00:00:00,13Jan2050 18:00:00,491.2488708496094,113.14971923828125,1931.1851806640625,18.582966995240156,797567424.0,1288801.875,124.59564208984375,20.387868881225586,267200.0,14.65999984741211,57.0,643642,579501,746355,1,454155
SS0075_PP024_SM5_BF1_Base,212244.703125,0.03253043070435524,06Jan2050 00:00:00,13Jan2050 12:00:00,491.2488708496094,111.71812438964844,1971.82666015625,2.868281595706943,755109376.0,1030134.8125,89.3493881225586,24.788206100463867,152800.0,9.350000381469727,57.0,643642,579501,746355,1,454155
SS0075_PP323_SM2_BF1_Base,151463.84375,0.22315363585948944,01Sep2011 01:00:00,10Sep2011 23:00:00,491.2488708496094,109.57383728027344,155.25436401367188,,,,68.53605651855469,26.275033950805664,156717.0,4.658999919891357,57.0,1,,,,
SS0131_PP147_SM5_BF1_Base,135306.3125,0.02768688090145588,06Jan2050 00:00:00,10Jan2050 12:00:00,491.2488708496094,114.38595581054688,156.53421020507812,3.3114539957046634,733026432.0,1082963.625,133.2082977294922,44.09664535522461,225200.0,16.5,57.0,643642,579501,746355,1,454155
SS0075_PP334_SM5_BF1_Base,216374.1875,0.032930146902799606,06Jan2050 00:00:00,13Jan2050 12:00:00,491.2488708496094,111.2449722290039,163.14149475097656,3.470650815963773,930135680.0,1016431.75,89.3493881225586,39.1148681640625,315600.0,9.430000305175781,57.0,643642,579501,746355,1,454155
SS0075_PP229_SM5_BF1_Base,201654.578125,0.030946457758545876,06Jan2050 00:00:00,13Jan2050 12:00:00,491.2488708496094,110.88555145263672,154.58485412597656,2.212491133213058,745617792.0,1030493.1875,89.3493881225586,23.768083572387695,85600.0,9.260000228881836,57.0,643642,579501,746355,1,454155
SS0061_PP159_SM2_BF1_Base,151511.9375,0.22322450578212738,01Sep2011 01:00:00,10Sep2011 23:00:00,491.2488708496094,109.57384490966797,155.25436401367188,,,,68.53605651855469,26.275033950805664,156717.0,4.658999919891357,57.0,1,,,,
SS0089_PP025_SM5_BF1_Base,140987.609375,0.026133699342608452,06Jan2050 00:00:00,15Jan2050 00:00:00,491.2488708496094,111.98481750488281,160.235595703125,2.0263624405860927,729033280.0,662739.9375,93.23763275146484,17.126747131347656,99600.0,10.619999885559082,57.0,643642,579501,746355,1,454155
SS0087_PP385_SM5_BF1_Base,266600.125,0.03419378027319908,06Jan2050 00:00:00,13Jan2050 12:00:00,491.2488708496094,115.25438690185547,163.03463745117188,2.602225079536441,769615872.0,1162262.5,135.93731689453125,21.00096893310547,136400.0,16.3799991607666,57.0,643642,579501,746355,1,454155
SS0142_PP192_SM2_BF1_Base,151550.234375,0.22328099608421326,01Sep2011 01:00:00,10Sep2011 23:00:00,491.2488708496094,109.57386779785156,173.8804931640625,,,,68.53605651855469,26.275033950805664,156717.0,4.658999919891357,57.0,1,,,,
SS0061_PP334_SM2_BF1_Base,151528.28125,0.22324857115745544,01Sep2011 01:00:00,10Sep2011 23:00:00,491.2488708496094,109.57381439208984,155.25436401367188,,,,68.53605651855469,26.275033950805664,156717.0,4.658999919891357,57.0,1,,,,
SS0066_PP492_SM5_BF1_Base,754879.3125,0.0652264654636383,06Jan2050 00:00:00,13Jan2050 18:00:00,491.2488708496094,115.13340759277344,163.06900024414062,3.074304306507132,835327296.0,1310398.5,143.57650756835938,27.857559204101562,167200.0,14.5,57.0,643642,579501,746355,1,454155
SS0083_PP043_SM2_BF1_Base,151482.359375,0.22317920625209808,01Sep2011 01:00:00,10Sep2011 23:00:00,491.2488708496094,109.57389831542969,156.45626831054688,,,,68.53605651855469,26.275033950805664,156717.0,4.658999919891357,57.0,1,,,,
SS0075_PP257_SM5_BF1_Base,231241.796875,0.035725969821214676,06Jan2050 00:00:00,13Jan2050 12:00:00,491.2488708496094,111.18414306640625,156.42611694335938,2.4327131152153063,740746240.0,1046943.4375,89.3493881225586,24.95943260192871,130800.0,8.970000267028809,57.0,643642,579501,746355,1,454155
SS0080_PP165_SM5_BF1_Base,402072.25,0.04283452406525612,06Jan2050 00:00:00,13Jan2050 12:00:00,491.2488708496094,116.88481140136719,172.6638641357422,4.037681741714522,1338605312.0,987066.875,137.2592010498047,56.782928466796875,125200.0,18.450000762939453,57.0,643642,579501,746355,1,454155
SS0034_PP021_SM5_BF1_Base,245075.71875,0.06581297516822815,06Jan2050 00:00:00,10Jan2050 18:00:00,491.2488708496094,112.63019561767578,159.56712341308594,2.8258460068702873,870524800.0,670545.1875,223.90965270996094,7.392480850219727,242400.0,17.700000762939453,57.0,643699,663865,746408,1,454318
SS0148_PP296_SM5_BF1_Base,293627.28125,0.032388292253017426,06Jan2050 00:00:00,14Jan2050 18:00:00,491.2488708496094,113.2921371459961,156.32406616210938,3.824026088714655,784560576.0,951552.75,96.74335479736328,37.992286682128906,440000.0,10.489999771118164,57.0,643642,579501,746355,1,454155
SS0061_PP314_SM2_BF1_Base,151529.40625,0.22325026988983154,01Sep2011 01:00:00,10Sep2011 23:00:00,491.2488708496094,109.57380676269531,155.25436401367188,,,,68.53605651855469,26.275033950805664,156717.0,4.658999919891357,57.0,1,,,,
SS0087_PP436_SM2_BF1_Base,151581.96875,0.22332772612571716,01Sep2011 01:00:00,10Sep2011 23:00:00,491.2488708496094,109.57380676269531,161.44491577148438,,,,68.53605651855469,26.275033950805664,156717.0,4.658999919891357,57.0,1,,,,
SS0139_PP265_SM5_BF1_Base,329652.34375,0.032321058213710785,06Jan2050 00:00:00,15Jan2050 00:00:00,491.2488708496094,112.59976196289062,167.8341522216797,3.983661296367661,1502143360.0,823406.0625,105.80716705322266,76.63377380371094,118800.0,10.890000343322754,57.0,643642,579501,746355,1,454155
SS0146_PP208_SM5_BF1_Base,370994.71875,0.06011960655450821,06Jan2050 00:00:00,12Jan2050 00:00:00,491.2488708496094,113.05702209472656,151.0184783935547,2.471075968742383,911148608.0,941573.625,141.99710083007812,29.706554412841797,142400.0,13.5600004196167,57.0,643642,579501,746355,1,454155
SS0103_PP001_SM5_BF1_Base,118307.8359375,0.031042369082570076,06Jan2050 00:00:00,13Jan2050 06:00:00,491.2488708496094,110.14836883544922,163.4561004638672,3.467958242893357,709332096.0,465899.5,93.97986602783203,15.717950820922852,227600.0,9.140000343322754,57.0,643642,579501,746355,1,454155
SS0080_PP119_SM5_BF1_Base,357000.90625,0.03837529569864273,06Jan2050 00:00:00,13Jan2050 12:00:00,491.2488708496094,116.04264068603516,171.88795471191406,3.3913894844055297,858580544.0,1082785.125,137.2592010498047,35.76374816894531,344000.0,17.610000610351562,57.0,643642,579501,746355,1,454155
SS0148_PP080_SM5_BF1_Base,244241.0625,0.026591859757900238,06Jan2050 00:00:00,14Jan2050 18:00:00,491.2488708496094,113.66024780273438,158.7889862060547,3.3799940347671753,953672320.0,931491.6875,96.74335479736328,65.60516357421875,136000.0,10.579999923706055,57.0,643642,579501,746355,1,454155
SS0146_PP445_SM5_BF1_Base,316387.25,0.049997515976428986,06Jan2050 00:00:00,12Jan2050 00:00:00,491.2488708496094,113.13587188720703,165.17123413085938,3.917895939350132,1221299456.0,952888.0625,141.99710083007812,76.54193878173828,214000.0,13.84000015258789,57.0,643642,579501,746355,1,454155
SS0131_PP186_SM5_BF1_Base,149361.171875,0.030951758846640587,06Jan2050 00:00:00,10Jan2050 12:00:00,491.2488708496094,113.36302947998047,173.28480529785156,2.3703898978233817,729782400.0,1025022.625,133.2082977294922,37.96242904663086,100400.0,16.06999969482422,57.0,643642,579501,746355,1,454155
SS0131_PP408_SM5_BF1_Base,148767.625,0.030581120401620865,06Jan2050 00:00:00,10Jan2050 12:00:00,491.2488708496094,114.07164001464844,162.7787628173828,3.090541005134594,731976192.0,1091339.5,133.2082977294922,32.5120849609375,315600.0,16.280000686645508,57.0,643642,579501,746355,1,454155
SS0076_PP431_SM2_BF1_Base,151583.40625,0.22332988679409027,01Sep2011 01:00:00,10Sep2011 23:00:00,491.2488708496094,109.57379913330078,169.5635986328125,,,,68.53605651855469,26.275033950805664,156717.0,4.658999919891357,57.0,1,,,,
SS0075_PP462_SM5_BF1_Base,219858.1875,0.03380923718214035,06Jan2050 00:00:00,13Jan2050 12:00:00,491.2488708496094,111.61148834228516,177.98191833496094,2.538524932861354,748303808.0,1053270.25,89.3493881225586,26.8813533782959,168000.0,8.970000267028809,57.0,643642,579501,746355,1,454155
SS0148_PP345_SM5_BF1_Base,267600.53125,0.029515942558646202,06Jan2050 00:00:00,14Jan2050 18:00:00,491.2488708496094,113.00032806396484,163.1563720703125,2.9198877930641385,913866176.0,962265.8125,96.74335479736328,48.376556396484375,158400.0,10.15999984741211,57.0,643642,579501,746355,1,454155
SS0148_PP108_SM5_BF1_Base,254678.90625,0.02812080830335617,06Jan2050 00:00:00,14Jan2050 18:00:00,491.2488708496094,113.46980285644531,2248.517333984375,2.915976769924166,789233536.0,955653.9375,96.74335479736328,49.86384582519531,137200.0,10.609999656677246,57.0,643642,579501,746355,1,454155
SS0082_PP419_SM2_BF1_Base,151517.328125,0.22323249280452728,01Sep2011 01:00:00,10Sep2011 23:00:00,491.2488708496094,109.57384490966797,165.3085174560547,,,,68.53605651855469,26.275033950805664,156717.0,4.658999919891357,57.0,1,,,,
SS0083_PP463_SM2_BF1_Base,151631.90625,0.22340139746665955,01Sep2011 01:00:00,10Sep2011 23:00:00,491.2488708496094,109.57381439208984,161.28738403320312,,,,68.53605651855469,26.275033950805664,156717.0,4.658999919891357,57.0,1,,,,
SS0148_PP078_SM5_BF1_Base,298115.0,0.032826703041791916,06Jan2050 00:00:00,14Jan2050 18:00:00,491.2488708496094,113.82666778564453,157.58677673339844,3.0084036731720007,1346518016.0,927091.625,96.74335479736328,46.2323112487793,104400.0,10.6899995803833,57.0,643642,579501,746355,1,454155
SS0148_PP386_SM5_BF1_Base,234447.84375,0.025752810761332512,06Jan2050 00:00:00,14Jan2050 18:00:00,491.2488708496094,113.17296600341797,162.5556182861328,2.7342712926864636,792843712.0,971569.5,96.74335479736328,71.74053192138672,101600.0,10.430000305175781,57.0,643642,579501,746355,1,454155
SS0083_PP219_SM2_BF1_Base,151531.1875,0.22325286269187927,01Sep2011 01:00:00,10Sep2011 23:00:00,491.2488708496094,109.57380676269531,161.19602966308594,,,,68.53605651855469,26.275033950805664,156717.0,4.658999919891357,57.0,1,,,,
SS0146_PP481_SM5_BF1_Base,348962.5,0.0562002994120121,06Jan2050 00:00:00,12Jan2050 00:00:00,491.2488708496094,112.94766998291016,157.11660766601562,2.9011552190780705,957754624.0,951942.4375,141.99710083007812,50.53707504272461,83600.0,13.65999984741211,57.0,643642,579501,746355,1,454155
SS0132_PP428_SM5_BF1_Base,162850.125,0.018445217981934547,06Jan2050 00:00:00,15Jan2050 00:00:00,491.2488708496094,112.0016860961914,315.2846984863281,2.5371972799301377,772419392.0,436186.34375,84.20021057128906,25.134265899658203,140800.0,9.0600004196167,57.0,643642,579501,746355,1,454155
SS0148_PP303_SM5_BF1_Base,176982.125,0.01934009976685047,06Jan2050 00:00:00,14Jan2050 18:00:00,491.2488708496094,113.37372589111328,1979.35595703125,3.1596336388588013,796281408.0,949432.0625,96.74335479736328,61.627464294433594,102800.0,10.229999542236328,57.0,643642,579501,746355,1,454155
SS0141_PP257_SM2_BF1_Base,151458.265625,0.22314536571502686,01Sep2011 01:00:00,10Sep2011 23:00:00,491.2488708496094,109.5738296508789,164.39268493652344,,,,68.53605651855469,26.275033950805664,156717.0,4.658999919891357,57.0,1,,,,
SS0148_PP420_SM5_BF1_Base,347316.96875,0.03841187432408333,06Jan2050 00:00:00,14Jan2050 18:00:00,491.2488708496094,113.51156616210938,2253.493408203125,2.904187271595009,827129472.0,946715.875,96.74335479736328,36.77845001220703,113200.0,10.720000267028809,57.0,643642,579501,746355,1,454155
SS0156_PP235_SM5_BF1_Base,192068.59375,0.03515249863266945,06Jan2050 00:00:00,12Jan2050 06:00:00,491.2488708496094,112.4500961303711,167.6509552001953,3.7230410218239647,1407658240.0,627867.6875,102.1568603515625,47.87748718261719,82400.0,10.100000381469727,57.0,643642,579501,746355,1,454155
SS0229_PP248_SM2_BF1_Base,151649.328125,0.22342704236507416,01Sep2011 01:00:00,10Sep2011 23:00:00,491.2488708496094,109.57380676269531,163.72225952148438,,,,68.53605651855469,26.275033950805664,156717.0,4.658999919891357,57.0,1,,,,
SS0148_PP434_SM5_BF1_Base,253070.15625,0.027698727324604988,06Jan2050 00:00:00,14Jan2050 18:00:00,491.2488708496094,113.85235595703125,162.72100830078125,3.2014185690879926,1084230912.0,925395.9375,96.74335479736328,67.7904052734375,162800.0,10.770000457763672,57.0,643642,579501,746355,1,454155
SS0181_PP085_SM5_BF1_Base,119677.5625,0.027889970690011978,06Jan2050 00:00:00,13Jan2050 12:00:00,491.2488708496094,110.01616668701172,158.75173950195312,3.3193669104577075,717878976.0,589615.625,76.6595687866211,14.2813081741333,228400.0,8.470000267028809,57.0,643642,579501,746355,1,454155
SS0243_PP293_SM2_BF1_Base,151569.984375,0.22331006824970245,01Sep2011 01:00:00,10Sep2011 23:00:00,491.2488708496094,109.57382202148438,155.25436401367188,,,,68.53605651855469,26.275033950805664,156717.0,4.658999919891357,57.0,1,,,,
SS0156_PP285_SM2_BF1_Base,151544.453125,0.2232724130153656,01Sep2011 01:00:00,10Sep2011 23:00:00,491.2488708496094,109.57381439208984,162.4635467529297,,,,68.53605651855469,26.275033950805664,156717.0,4.658999919891357,57.0,1,,,,
SS0156_PP245_SM5_BF1_Base,186688.078125,0.03402726724743843,06Jan2050 00:00:00,12Jan2050 06:00:00,491.2488708496094,112.40309143066406,162.67799377441406,3.395960009098064,744510656.0,627054.875,102.1568603515625,45.72892379760742,306800.0,10.100000381469727,57.0,643642,579501,746355,1,454155
SS0173_PP224_SM5_BF1_Base,120297.625,0.021245162934064865,06Jan2050 00:00:00,13Jan2050 12:00:00,491.2488708496094,109.86555480957031,162.7888946533203,2.744217524528511,741769152.0,435180.8125,68.03533935546875,22.892269134521484,230400.0,8.149999618530273,57.0,643642,579501,746355,1,454155
SS0157_PP232_SM2_BF1_Base,151572.875,0.22331435978412628,01Sep2011 01:00:00,10Sep2011 23:00:00,491.2488708496094,109.57384490966797,173.840087890625,,,,68.53605651855469,26.275033950805664,156717.0,4.658999919891357,57.0,1,,,,
SS0156_PP473_SM5_BF1_Base,193394.140625,0.035108622163534164,06Jan2050 00:00:00,12Jan2050 06:00:00,491.2488708496094,111.87368774414062,167.07424926757812,4.417455658912762,934328640.0,607192.375,102.1568603515625,56.39393615722656,116000.0,10.100000381469727,57.0,643642,579501,746355,1,454155
SS0178_PP316_SM5_BF1_Base,265082.96875,0.025061795487999916,06Jan2050 00:00:00,13Jan2050 18:00:00,491.2488708496094,116.8277587890625,162.97018432617188,2.8149220466613816,852543488.0,779079.0,122.22643280029297,20.183937072753906,255600.0,17.030000686645508,57.0,643642,579501,746355,1,454155
SS0188_PP306_SM5_BF1_Base,122714.703125,0.017266420647501945,06Jan2050 00:00:00,13Jan2050 12:00:00,491.2488708496094,113.20066833496094,2344.344482421875,3.0976765656471392,780070464.0,779607.875,89.82209777832031,44.98556137084961,323600.0,12.289999961853027,57.0,643642,579501,746355,1,454155
SS0148_PP459_SM5_BF1_Base,300856.03125,0.03317473083734512,06Jan2050 00:00:00,14Jan2050 18:00:00,491.2488708496094,113.23422241210938,161.49502563476562,3.1013950085640007,805306560.0,945892.375,96.74335479736328,39.92973327636719,244800.0,10.369999885559082,57.0,643642,579501,746355,1,454155
SS0196_PP353_SM2_BF1_Base,151480.453125,0.22317813336849213,01Sep2011 01:00:00,10Sep2011 23:00:00,491.2488708496094,109.57379913330078,172.10206604003906,,,,68.53605651855469,26.275033950805664,156717.0,4.658999919891357,57.0,1,,,,
SS0173_PP378_SM5_BF1_Base,71740.609375,0.012252748012542725,06Jan2050 00:00:00,13Jan2050 12:00:00,491.2488708496094,110.28002166748047,159.85650634765625,3.747681391239174,996544832.0,443452.65625,68.03533935546875,57.87823486328125,111600.0,8.460000038146973,57.0,643642,579501,746355,1,454155
SS0202_PP297_SM2_BF1_Base,151482.59375,0.22318129241466522,01Sep2011 01:00:00,10Sep2011 23:00:00,491.2488708496094,109.5738296508789,168.2191925048828,,,,68.53605651855469,26.275033950805664,156717.0,4.658999919891357,57.0,1,,,,
SS0250_PP170_SM5_BF1_Base,126828.96875,0.028255850076675415,06Jan2050 00:00:00,13Jan2050 18:00:00,491.2488708496094,108.14656066894531,175.051513671875,204.97487945557214,705245760.0,303961.71875,57.30266571044922,41.677188873291016,67600.0,5.53000020980835,57.0,643642,579501,746355,1,454155
SS0148_PP392_SM5_BF1_Base,302192.09375,0.033205658197402954,06Jan2050 00:00:00,14Jan2050 18:00:00,491.2488708496094,113.16417694091797,2252.421875,2.947588052749641,795302208.0,954216.25,96.74335479736328,44.85016632080078,146400.0,10.760000228881836,57.0,643642,579501,746355,1,454155
SS0229_PP372_SM2_BF1_Base,151512.4375,0.22322528064250946,01Sep2011 01:00:00,10Sep2011 23:00:00,491.2488708496094,109.5738296508789,162.96279907226562,,,,68.53605651855469,26.275033950805664,156717.0,4.658999919891357,57.0,1,,,,
SS0172_PP253_SM5_BF1_Base,146007.34375,0.023658128455281258,06Jan2050 00:00:00,13Jan2050 12:00:00,491.2488708496094,111.16336822509766,1042.8621826171875,2.6008594226837234,1042277440.0,546087.875,97.38066101074219,30.761266708374023,113600.0,10.539999961853027,57.0,643642,579501,746355,1,454155
SS0248_PP438_SM5_BF1_Base,263913.625,0.049236588180065155,06Jan2050 00:00:00,13Jan2050 12:00:00,491.2488708496094,112.54862213134766,150.2024383544922,2.7012069773674203,724484800.0,629424.3125,121.97870635986328,28.2857723236084,120400.0,12.5600004196167,57.0,643642,579501,746355,1,454155
SS0166_PP110_SM2_BF1_Base,151528.78125,0.22324931621551514,01Sep2011 01:00:00,10Sep2011 23:00:00,491.2488708496094,109.57380676269531,156.45626831054688,,,,68.53605651855469,26.275033950805664,156717.0,4.658999919891357,57.0,1,,,,
SS0157_PP446_SM2_BF1_Base,151516.96875,0.22323189675807953,01Sep2011 01:00:00,10Sep2011 23:00:00,491.2488708496094,109.57386016845703,167.71368408203125,,,,68.53605651855469,26.275033950805664,156717.0,4.658999919891357,57.0,1,,,,
SS0189_PP261_SM5_BF1_Base,74044.3203125,0.03202991932630539,06Jan2050 00:00:00,10Jan2050 18:00:00,491.2488708496094,107.048828125,156.6574249267578,2.7414938020706794,696184128.0,284091.96875,105.97583770751953,4.594654560089111,171200.0,7.650000095367432,57.0,643642,579501,746355,1,454155
SS0250_PP298_SM5_BF1_Base,129117.8046875,0.028478821739554405,06Jan2050 00:00:00,13Jan2050 18:00:00,491.2488708496094,108.63529205322266,162.74827575683594,376.295861206064,709122496.0,306776.4375,57.30266571044922,37.82411193847656,392000.0,5.889999866485596,57.0,643642,579501,746355,1,454155
SS0196_PP177_SM5_BF1_Base,134519.015625,0.019467880949378014,06Jan2050 00:00:00,13Jan2050 18:00:00,491.2488708496094,110.25314331054688,170.01473999023438,3.5284899258613853,1055193216.0,450102.8125,79.36314392089844,38.85707473754883,186000.0,8.279999732971191,57.0,643642,579501,746355,1,454155
SS0229_PP314_SM2_BF1_Base,151600.5,0.22335508465766907,01Sep2011 01:00:00,10Sep2011 23:00:00,491.2488708496094,109.57381439208984,155.25436401367188,,,,68.53605651855469,26.275033950805664,156717.0,4.658999919891357,57.0,1,,,,
SS0234_PP272_SM5_BF1_Base,162768.296875,0.03132796287536621,06Jan2050 00:00:00,13Jan2050 06:00:00,491.2488708496094,110.93562316894531,157.6171417236328,3.3179154276848077,927395776.0,620651.8125,126.02168273925781,46.553428649902344,290000.0,14.880000114440918,57.0,643642,579501,746355,1,454155
SS0250_PP324_SM5_BF1_Base,126032.9921875,0.028167031705379486,06Jan2050 00:00:00,13Jan2050 18:00:00,491.2488708496094,109.17179870605469,162.1223602294922,166.37868667602694,709644800.0,304177.5625,57.30266571044922,27.15060806274414,90800.0,5.760000228881836,57.0,643642,579501,746355,1,454155
SS0237_PP076_SM1_BF1_Base,264141.4375,0.05363329499959946,06Jan2050 00:00:00,12Jan2050 00:00:00,491.2488708496094,117.85336303710938,164.25701904296875,2.5083816218376365,710619776.0,852245.5,236.66506958007812,9.874078750610352,176400.0,20.770000457763672,57.0,643699,663865,746408,1,454318
SS0164_PP259_SM5_BF1_Base,208628.046875,0.02397889457643032,06Jan2050 00:00:00,15Jan2050 00:00:00,491.2488708496094,110.94583129882812,160.53382873535156,2.4533768677711523,760252992.0,881800.4375,92.85639953613281,15.758378982543945,106000.0,8.75,57.0,643642,579501,746355,1,454155
SS0250_PP235_SM2_BF1_Base,151472.34375,0.22316618263721466,01Sep2011 01:00:00,10Sep2011 23:00:00,491.2488708496094,109.57384490966797,163.7305908203125,,,,68.53605651855469,26.275033950805664,156717.0,4.658999919891357,57.0,1,,,,
SS0263_PP081_SM5_BF1_Base,149835.0625,0.029680537059903145,06Jan2050 00:00:00,13Jan2050 12:00:00,491.2488708496094,111.46858978271484,161.2494659423828,3.5283007431030704,729823680.0,473140.78125,87.5445785522461,20.769880294799805,292800.0,9.5600004196167,57.0,643642,579501,746355,1,454155
SS0276_PP041_SM5_BF1_Base,173930.734375,0.0238520298153162,06Jan2050 00:00:00,13Jan2050 12:00:00,491.2488708496094,112.90708923339844,2247.304931640625,2.890784947872163,1076367360.0,1320705.875,104.99063110351562,49.469825744628906,152800.0,10.800000190734863,57.0,643642,579501,746355,1,454155
SS0253_PP046_SM5_BF1_Base,416752.03125,0.05968695878982544,06Jan2050 00:00:00,12Jan2050 00:00:00,491.2488708496094,116.78215789794922,167.3975830078125,2.999862294197096,1270758144.0,797213.375,153.63558959960938,68.3607406616211,178000.0,17.420000076293945,57.0,643642,579501,746355,1,454155
SS0252_PP454_SM5_BF1_Base,425207.4375,0.09831828624010086,06Jan2050 00:00:00,13Jan2050 06:00:00,491.2488708496094,112.05023193359375,160.10784912109375,3.50477431058885,706333184.0,657129.4375,211.38511657714844,27.11996841430664,337200.0,12.699999809265137,57.0,643642,579501,746355,1,454155
SS0148_PP433_SM2_BF1_Base,151444.796875,0.22312547266483307,01Sep2011 01:00:00,10Sep2011 23:00:00,491.2488708496094,109.57381439208984,155.25436401367188,,,,68.53605651855469,26.275033950805664,156717.0,4.658999919891357,57.0,1,,,,
SS0180_PP349_SM5_BF1_Base,104527.78125,0.029535550624132156,06Jan2050 00:00:00,10Jan2050 12:00:00,491.2488708496094,111.46186828613281,162.83287048339844,3.6926894187927295,752292928.0,980711.3125,128.91983032226562,24.16832733154297,500000.0,12.319999694824219,57.0,643642,579501,746355,1,454155
SS0262_PP044_SM5_BF1_Base,307904.9375,0.0508967749774456,06Jan2050 00:00:00,15Jan2050 00:00:00,491.2488708496094,110.15148162841797,162.04928588867188,3.4161749792099516,716415616.0,460536.34375,122.16205596923828,21.46942138671875,93600.0,10.720000267028809,57.0,643642,579501,746355,1,454155
SS0148_PP394_SM5_BF1_Base,297585.40625,0.03269333019852638,06Jan2050 00:00:00,14Jan2050 18:00:00,491.2488708496094,113.15162658691406,163.21728515625,3.948747675418856,936984320.0,957755.875,96.74335479736328,41.50962829589844,276800.0,10.9399995803833,57.0,643642,579501,746355,1,454155
SS0256_PP227_SM2_BF1_Base,151607.21875,0.223364919424057,01Sep2011 01:00:00,10Sep2011 23:00:00,491.2488708496094,109.57380676269531,155.25436401367188,,,,68.53605651855469,26.275033950805664,156717.0,4.658999919891357,57.0,1,,,,
SS0276_PP026_SM5_BF1_Base,161182.5,0.022044183686375618,06Jan2050 00:00:00,13Jan2050 12:00:00,491.2488708496094,113.46913146972656,160.0749969482422,3.4440793013572732,792846656.0,1346072.625,104.99063110351562,31.35882568359375,315600.0,11.149999618530273,57.0,643642,579501,746355,1,454155
SS0263_PP361_SM5_BF1_Base,153145.09375,0.029953019693493843,06Jan2050 00:00:00,13Jan2050 12:00:00,491.2488708496094,111.57685852050781,167.0082244873047,4.276919789314315,725433920.0,481944.4375,87.5445785522461,26.501964569091797,544000.0,9.5600004196167,57.0,643642,579501,746355,1,454155
SS0292_PP110_SM5_BF1_Base,95970.5390625,0.02729051373898983,06Jan2050 00:00:00,12Jan2050 06:00:00,491.2488708496094,108.29612731933594,175.11451721191406,3.6054582405092956,701076608.0,496709.5,58.503273010253906,13.337064743041992,119200.0,6.489999771118164,57.0,643642,579501,746355,1,454155
SS0253_PP377_SM4_BF1_Base,223960.234375,0.03153419494628906,06Jan2050 00:00:00,12Jan2050 00:00:00,491.2488708496094,116.03958892822266,162.55181884765625,3.890215721130379,962933376.0,849412.375,153.63558959960938,99.04147338867188,344000.0,17.190000534057617,57.0,643699,663865,746408,1,454318
SS0290_PP008_SM5_BF1_Base,106795.7734375,0.015156026929616928,06Jan2050 00:00:00,13Jan2050 06:00:00,491.2488708496094,115.5299072265625,2432.09375,3.494982593059543,825233536.0,1068555.625,101.1695556640625,66.9453353881836,94800.0,14.140000343322754,57.0,643642,579501,746355,1,454155
SS0298_PP367_SM5_BF1_Base,97226.953125,0.023649584501981735,06Jan2050 00:00:00,12Jan2050 00:00:00,491.2488708496094,112.6501693725586,165.4995880126953,3.82200224399568,709211264.0,532758.3125,95.20146942138672,8.453667640686035,208400.0,12.90999984741211,57.0,643642,579501,746355,1,454155
SS0278_PP227_SM2_BF1_Base,151552.5,0.2232843041419983,01Sep2011 01:00:00,10Sep2011 23:00:00,491.2488708496094,109.57392120361328,155.25436401367188,,,,68.53605651855469,26.275033950805664,156717.0,4.658999919891357,57.0,1,,,,
SS0276_PP397_SM5_BF1_Base,155445.21875,0.021258041262626648,06Jan2050 00:00:00,13Jan2050 12:00:00,491.2488708496094,113.02696228027344,156.658935546875,3.0077074384689406,808257984.0,1341155.625,104.99063110351562,47.80497360229492,91600.0,10.600000381469727,57.0,643642,579501,746355,1,454155
SS0301_PP321_SM5_BF1_Base,93547.5390625,0.03022586740553379,06Jan2050 00:00:00,11Jan2050 18:00:00,491.2488708496094,107.9525375366211,154.138427734375,2.823327710628549,705495360.0,823742.875,241.85362243652344,8.33447551727295,144000.0,17.43000030517578,57.0,643642,579501,746355,1,454155
SS0281_PP021_SM5_BF1_Base,236988.25,0.03317934274673462,06Jan2050 00:00:00,12Jan2050 00:00:00,491.2488708496094,118.5249252319336,251.72987365722656,2.583525738716127,822492096.0,1146304.75,156.67530822753906,14.241621017456055,147600.0,18.170000076293945,57.0,643642,579501,746355,1,454155
SS0284_PP163_SM5_BF1_Base,109387.7109375,0.035451602190732956,06Jan2050 00:00:00,12Jan2050 00:00:00,491.2488708496094,107.93724822998047,163.3182830810547,3.133200247287765,696696320.0,385925.5,115.12034606933594,9.242597579956055,284000.0,7.139999866485596,57.0,643642,579501,746355,1,454155
SS0298_PP362_SM5_BF1_Base,96930.703125,0.023619309067726135,06Jan2050 00:00:00,12Jan2050 00:00:00,491.2488708496094,112.4967269897461,150.18606567382812,3.6080543446541062,709272640.0,546810.3125,95.20146942138672,18.017986297607422,153200.0,13.15999984741211,57.0,643642,579501,746355,1,454155
SS0285_PP422_SM2_BF1_Base,151570.4375,0.2233106940984726,01Sep2011 01:00:00,10Sep2011 23:00:00,491.2488708496094,109.57380676269531,172.18069458007812,,,,68.53605651855469,26.275033950805664,156717.0,4.658999919891357,57.0,1,,,,
SS0242_PP221_SM5_BF1_Base,239770.03125,0.029619360342621803,06Jan2050 00:00:00,14Jan2050 18:00:00,491.2488708496094,112.2870101928711,212.77175903320312,6.1104693317413785,1034554304.0,501304.0625,83.58576965332031,45.558067321777344,193600.0,9.029999732971191,57.0,643642,579501,746355,1,454155
SS0277_PP378_SM5_BF1_Base,87054.21875,0.017878325656056404,06Jan2050 00:00:00,13Jan2050 18:00:00,491.2488708496094,107.99703216552734,172.2504119873047,3.809391300678325,737353792.0,582741.5,90.58978271484375,59.73164367675781,74800.0,7.21999979019165,57.0,643642,579501,746355,1,454155
SS0281_PP482_SM5_BF1_Base,204019.328125,0.0284996647387743,06Jan2050 00:00:00,12Jan2050 00:00:00,491.2488708496094,117.76005554199219,174.99249267578125,2.987772550582895,844607616.0,1109325.125,156.67530822753906,25.08167839050293,172800.0,17.8700008392334,57.0,643642,579501,746355,1,454155
SS0291_PP196_SM2_BF1_Base,151515.0,0.22322902083396912,01Sep2011 01:00:00,10Sep2011 23:00:00,491.2488708496094,109.57386779785156,155.25436401367188,,,,68.53605651855469,26.275033950805664,156717.0,4.658999919891357,57.0,1,,,,
SS0298_PP231_SM5_BF1_Base,99155.59375,0.02363649569451809,06Jan2050 00:00:00,12Jan2050 00:00:00,491.2488708496094,113.42924499511719,158.04330444335938,3.8839097785949956,707664704.0,540986.3125,95.20146942138672,19.17236328125,344400.0,13.649999618530273,57.0,643642,579501,746355,1,454155
SS0297_PP082_SM2_BF1_Base,151597.34375,0.22335030138492584,01Sep2011 01:00:00,10Sep2011 23:00:00,491.2488708496094,109.5738754272461,156.45626831054688,,,,68.53605651855469,26.275033950805664,156717.0,4.658999919891357,57.0,1,,,,
SS0332_PP436_SM5_BF1_Base,121325.9921875,0.031589653342962265,06Jan2050 00:00:00,12Jan2050 06:00:00,491.2488708496094,109.05876159667969,162.1683349609375,2.5229859018325977,686440576.0,335762.53125,127.58104705810547,20.625078201293945,138000.0,9.119999885559082,57.0,643642,579501,746355,1,454155
SS0320_PP222_SM5_BF1_Base,112074.5078125,0.03743964806199074,06Jan2050 00:00:00,13Jan2050 12:00:00,491.2488708496094,107.60382080078125,170.16310119628906,2.300999319553386,676616192.0,198455.21875,68.08887481689453,8.263187408447266,117200.0,3.440000057220459,57.0,643642,579501,746355,1,454155
SS0320_PP324_SM5_BF1_Base,112251.6015625,0.03691783919930458,06Jan2050 00:00:00,13Jan2050 12:00:00,491.2488708496094,108.07319641113281,161.4073028564453,2.1134393095970343,674309440.0,179016.25,68.08887481689453,7.088682174682617,172000.0,4.050000190734863,57.0,643642,579501,746355,1,454155
SS0292_PP180_SM5_BF1_Base,95234.0390625,0.02713118866086006,06Jan2050 00:00:00,12Jan2050 06:00:00,491.2488708496094,108.4876937866211,168.04513549804688,3.986387469768532,704753920.0,496272.65625,58.503273010253906,19.46808624267578,206400.0,6.489999771118164,57.0,643642,579501,746355,1,454155
SS0320_PP198_SM5_BF1_Base,111723.2578125,0.03718271106481552,06Jan2050 00:00:00,13Jan2050 12:00:00,491.2488708496094,107.49525451660156,162.74220275878906,2.4216392683982946,677538624.0,208318.953125,68.08887481689453,8.772555351257324,155600.0,3.4700000286102295,57.0,643642,579501,746355,1,454155
SS0319_PP019_SM5_BF1_Base,110520.8359375,0.02332882396876812,06Jan2050 00:00:00,13Jan2050 12:00:00,491.2488708496094,108.23025512695312,174.26193237304688,3.802896726131474,712213440.0,362891.75,62.84440231323242,21.221654891967773,484000.0,5.090000152587891,57.0,643642,579501,746355,1,454155
SS0305_PP465_SM5_BF1_Base,98261.3046875,0.02091764099895954,06Jan2050 00:00:00,12Jan2050 06:00:00,491.2488708496094,108.70328521728516,168.91041564941406,2.893523571491269,725075584.0,396800.0625,73.5808334350586,11.992944717407227,259200.0,7.909999847412109,57.0,643642,579501,746355,1,454155
SS0298_PP206_SM2_BF1_Base,151601.09375,0.2233559787273407,01Sep2011 01:00:00,10Sep2011 23:00:00,491.2488708496094,109.57392120361328,155.25436401367188,,,,68.53605651855469,26.275033950805664,156717.0,4.658999919891357,57.0,1,,,,
SS0298_PP489_SM5_BF1_Base,98896.2421875,0.023947911337018013,06Jan2050 00:00:00,12Jan2050 00:00:00,491.2488708496094,112.96389770507812,167.6593780517578,3.0813954305648874,710317696.0,558617.6875,95.20146942138672,10.484299659729004,183200.0,13.470000267028809,57.0,643642,579501,746355,1,454155
SS0298_PP372_SM5_BF1_Base,93493.4375,0.022499937564134598,06Jan2050 00:00:00,12Jan2050 00:00:00,491.2488708496094,112.620361328125,162.72203063964844,3.040910840034503,718935488.0,523009.0625,95.20146942138672,28.4538631439209,172800.0,12.90999984741211,57.0,643642,579501,746355,1,454155
SS0332_PP023_SM5_BF1_Base,118975.4140625,0.030546152964234352,06Jan2050 00:00:00,12Jan2050 06:00:00,491.2488708496094,109.12904357910156,163.09054565429688,3.2684351420402646,685417152.0,349792.15625,127.58104705810547,15.564353942871094,211200.0,9.829999923706055,57.0,643642,579501,746355,1,454155
SS0320_PP478_SM5_BF1_Base,111992.21875,0.03715990483760834,06Jan2050 00:00:00,13Jan2050 12:00:00,491.2488708496094,107.84990692138672,163.09043884277344,2.161629393100739,676508544.0,223755.71875,68.08887481689453,11.712371826171875,164400.0,3.640000104904175,57.0,643642,579501,746355,1,454155
SS0298_PP421_SM5_BF1_Base,98491.421875,0.02397322840988636,06Jan2050 00:00:00,12Jan2050 00:00:00,491.2488708496094,112.50123596191406,158.7344207763672,3.0583385801315313,713240768.0,523622.25,95.20146942138672,9.7456636428833,179600.0,12.90999984741211,57.0,643642,579501,746355,1,454155
SS0342_PP369_SM5_BF1_Base,129387.984375,0.03635891526937485,06Jan2050 00:00:00,13Jan2050 18:00:00,491.2488708496094,107.32832336425781,162.65687561035156,4.415282893180968,679345984.0,261229.5625,84.24561309814453,9.07946491241455,264400.0,6.449999809265137,57.0,643642,579501,746355,1,454155
SS0341_PP320_SM5_BF1_Base,176641.140625,0.02187897451221943,06Jan2050 00:00:00,15Jan2050 00:00:00,491.2488708496094,111.029541015625,167.10992431640625,8.753442707061975,741941632.0,667418.125,86.4800796508789,38.696380615234375,293200.0,9.6899995803833,57.0,643642,579501,746355,1,454155
SS0349_PP014_SM5_BF1_Base,172930.6875,0.03658117726445198,06Jan2050 00:00:00,12Jan2050 00:00:00,491.2488708496094,112.11676788330078,155.24562072753906,4.010817480087293,999465792.0,501388.8125,103.80217742919922,40.94253158569336,318000.0,13.579999923706055,57.0,643642,579501,746355,1,454155
SS0341_PP211_SM5_BF1_Base,164216.25,0.020281346514821053,06Jan2050 00:00:00,15Jan2050 00:00:00,491.2488708496094,111.30680847167969,167.91970825195312,7.200474300384753,746317120.0,684211.875,86.4800796508789,48.477317810058594,254400.0,9.989999771118164,57.0,643642,579501,746355,1,454155
SS0349_PP322_SM5_BF1_Base,145516.0,0.02964402548968792,06Jan2050 00:00:00,12Jan2050 00:00:00,491.2488708496094,112.3846664428711,166.3517608642578,5.981423778533964,1631221120.0,513246.5625,103.80217742919922,58.5347900390625,319200.0,13.579999923706055,57.0,643642,579501,746355,1,454155
SS0349_PP155_SM5_BF1_Base,169074.953125,0.035542719066143036,06Jan2050 00:00:00,12Jan2050 00:00:00,491.2488708496094,113.2197036743164,163.67164611816406,2.8436655974388247,721463424.0,544156.75,103.80217742919922,18.93282127380371,175600.0,14.069999694824219,57.0,643642,579501,746355,1,454155
SS0349_PP301_SM5_BF1_Base,168979.5625,0.035641688853502274,06Jan2050 00:00:00,12Jan2050 00:00:00,491.2488708496094,112.45622253417969,162.6920166015625,2.711073451042178,719840768.0,545983.875,103.80217742919922,27.965831756591797,119200.0,13.739999771118164,57.0,643642,579501,746355,1,454155
SS0319_PP373_SM5_BF1_Base,112406.640625,0.024097882211208344,06Jan2050 00:00:00,13Jan2050 12:00:00,491.2488708496094,108.25016784667969,169.08641052246094,2.432011091709165,705237696.0,318759.53125,62.84440231323242,14.90024471282959,176800.0,5.309999942779541,57.0,643642,579501,746355,1,454155
SS0341_PP303_SM5_BF1_Base,179185.234375,0.02233816683292389,06Jan2050 00:00:00,15Jan2050 00:00:00,491.2488708496094,110.88702392578125,758.8743286132812,22.793310184478834,739149504.0,650873.125,86.4800796508789,37.8181266784668,152400.0,9.470000267028809,57.0,643642,579501,746355,1,454155
SS0349_PP243_SM5_BF1_Base,145145.59375,0.030215328559279442,06Jan2050 00:00:00,12Jan2050 00:00:00,491.2488708496094,112.90567779541016,164.7875518798828,3.3413992476463537,842725760.0,567132.0,103.80217742919922,38.12071228027344,159600.0,14.600000381469727,57.0,643642,579501,746355,1,454155
SS0349_PP019_SM5_BF1_Base,174804.171875,0.03650151193141937,06Jan2050 00:00:00,12Jan2050 00:00:00,491.2488708496094,112.05504608154297,175.30374145507812,4.610403795242318,1010099136.0,509909.84375,103.80217742919922,33.930091857910156,362000.0,13.579999923706055,57.0,643642,579501,746355,1,454155
SS0341_PP272_SM5_BF1_Base,181080.828125,0.022625965997576714,06Jan2050 00:00:00,15Jan2050 00:00:00,491.2488708496094,110.43717193603516,163.07574462890625,101.12910003665226,1043309696.0,670971.625,86.4800796508789,60.33776092529297,180400.0,9.109999656677246,57.0,643642,579501,746355,1,454155
SS0342_PP443_SM2_BF1_Base,151617.109375,0.22337955236434937,01Sep2011 01:00:00,10Sep2011 23:00:00,491.2488708496094,109.57384490966797,162.02066040039062,,,,68.53605651855469,26.275033950805664,156717.0,4.658999919891357,57.0,1,,,,
SS0349_PP390_SM5_BF1_Base,169739.3125,0.03568142652511597,06Jan2050 00:00:00,12Jan2050 00:00:00,491.2488708496094,113.02725219726562,163.1571807861328,2.961201682090766,727313344.0,540955.5625,103.80217742919922,17.234376907348633,189600.0,14.40999984741211,57.0,643642,579501,746355,1,454155
SS0341_PP091_SM2_BF1_Base,151496.625,0.2232019603252411,01Sep2011 01:00:00,10Sep2011 23:00:00,491.2488708496094,109.57381439208984,156.45626831054688,,,,68.53605651855469,26.275033950805664,156717.0,4.658999919891357,57.0,1,,,,
SS0276_PP174_SM5_BF1_Base,161002.3125,0.022210760042071342,06Jan2050 00:00:00,13Jan2050 12:00:00,491.2488708496094,112.80608367919922,160.75735473632812,3.049126954078675,932978176.0,1335232.125,104.99063110351562,41.64162063598633,194800.0,10.449999809265137,57.0,643642,579501,746355,1,454155
SS0349_PP392_SM5_BF1_Base,171734.015625,0.03608383983373642,06Jan2050 00:00:00,12Jan2050 00:00:00,491.2488708496094,112.23760223388672,158.36181640625,3.0637194561958734,719619264.0,571971.75,103.80217742919922,25.227649688720703,196800.0,13.899999618530273,57.0,643642,579501,746355,1,454155
SS0349_PP377_SM2_BF1_Base,151467.1875,0.2231585830450058,01Sep2011 01:00:00,10Sep2011 23:00:00,491.2488708496094,109.57386016845703,166.3738250732422,,,,68.53605651855469,26.275033950805664,156717.0,4.658999919891357,57.0,1,,,,
SS0349_PP394_SM5_BF1_Base,152449.859375,0.03193549066781998,06Jan2050 00:00:00,12Jan2050 00:00:00,491.2488708496094,112.7071533203125,156.81460571289062,4.875597825050428,719849152.0,532350.875,103.80217742919922,33.08150100708008,544000.0,13.649999618530273,57.0,643642,579501,746355,1,454155
SS0349_PP217_SM5_BF1_Base,175268.625,0.03686739131808281,06Jan2050 00:00:00,12Jan2050 00:00:00,491.2488708496094,112.39324951171875,160.55311584472656,3.5101843786239626,1006904832.0,512244.65625,103.80217742919922,34.43067169189453,134400.0,13.579999923706055,57.0,643642,579501,746355,1,454155
SS0349_PP117_SM5_BF1_Base,170983.609375,0.03646787256002426,06Jan2050 00:00:00,12Jan2050 00:00:00,491.2488708496094,112.25003051757812,158.64541625976562,2.9911649060249546,719277824.0,541918.25,103.80217742919922,14.62893295288086,164800.0,13.630000114440918,57.0,643642,579501,746355,1,454155
SS0349_PP452_SM5_BF1_Base,165895.609375,0.03505341708660126,06Jan2050 00:00:00,12Jan2050 00:00:00,491.2488708496094,112.69542694091797,156.3303680419922,2.513765707016077,717510656.0,548817.9375,103.80217742919922,20.586763381958008,95600.0,14.289999961853027,57.0,643642,579501,746355,1,454155
SS0378_PP341_SM5_BF1_Base,417053.34375,0.04539734125137329,06Jan2050 00:00:00,15Jan2050 00:00:00,491.2488708496094,112.83064270019531,168.84127807617188,3.375783140659372,819872384.0,883771.0,136.42507934570312,50.12465286254883,157600.0,13.09000015258789,57.0,643642,579501,746355,1,454155
SS0349_PP413_SM5_BF1_Base,172798.203125,0.036304742097854614,06Jan2050 00:00:00,12Jan2050 00:00:00,491.2488708496094,112.82359313964844,156.29148864746094,3.244418728351611,718145920.0,560045.0,103.80217742919922,24.251659393310547,176800.0,14.329999923706055,57.0,643642,579501,746355,1,454155
SS0358_PP301_SM5_BF1_Base,167814.5,0.032923221588134766,06Jan2050 00:00:00,13Jan2050 18:00:00,491.2488708496094,110.88395690917969,162.92799377441406,7.79224652767232,717127488.0,582914.0,79.93624114990234,28.987133026123047,476000.0,7.760000228881836,57.0,643642,579501,746355,1,454155
SS0349_PP473_SM5_BF1_Base,149201.84375,0.030976038426160812,06Jan2050 00:00:00,12Jan2050 00:00:00,491.2488708496094,112.42923736572266,156.42234802246094,5.107368826866198,1015804800.0,523256.6875,103.80217742919922,46.56708526611328,192400.0,13.579999923706055,57.0,643642,579501,746355,1,454155
SS0391_PP497_SM2_BF1_Base,151572.859375,0.2233143448829651,01Sep2011 01:00:00,10Sep2011 23:00:00,491.2488708496094,109.57382202148438,165.7955322265625,,,,68.53605651855469,26.275033950805664,156717.0,4.658999919891357,57.0,1,,,,
SS0388_PP306_SM2_BF1_Base,151455.078125,0.22314071655273438,01Sep2011 01:00:00,10Sep2011 23:00:00,491.2488708496094,109.5738525390625,159.10789489746094,,,,68.53605651855469,26.275033950805664,156717.0,4.658999919891357,57.0,1,,,,
SS0388_PP305_SM5_BF1_Base,185226.296875,0.0243212953209877,06Jan2050 00:00:00,13Jan2050 12:00:00,491.2488708496094,112.61953735351562,164.04864501953125,2.347496807575253,784091328.0,577847.5,106.70513153076172,13.761918067932129,152800.0,10.279999732971191,57.0,643642,579501,746355,1,454155
SS0358_PP114_SM5_BF1_Base,159250.75,0.03129730746150017,06Jan2050 00:00:00,13Jan2050 18:00:00,491.2488708496094,111.1142349243164,162.07252502441406,27.246153831490204,720619008.0,585684.5625,79.93624114990234,26.6922607421875,226000.0,8.1899995803833,57.0,643642,579501,746355,1,454155
SS0374_PP464_SM2_BF1_Base,151521.8125,0.22323907911777496,01Sep2011 01:00:00,10Sep2011 23:00:00,491.2488708496094,109.5738754272461,161.18099975585938,,,,68.53605651855469,26.275033950805664,156717.0,4.658999919891357,57.0,1,,,,
SS0391_PP156_SM2_BF1_Base,151553.890625,0.22328631579875946,01Sep2011 01:00:00,10Sep2011 23:00:00,491.2488708496094,109.57381439208984,155.25436401367188,,,,68.53605651855469,26.275033950805664,156717.0,4.658999919891357,57.0,1,,,,
SS0389_PP019_SM5_BF1_Base,122146.1328125,0.03302979841828346,06Jan2050 00:00:00,12Jan2050 00:00:00,491.2488708496094,110.59188079833984,174.20326232910156,3.122535917758987,715424640.0,419924.90625,115.3045883178711,34.59136199951172,250400.0,9.720000267028809,57.0,643642,579501,746355,1,454155
SS0388_PP440_SM5_BF1_Base,172836.703125,0.02275991253554821,06Jan2050 00:00:00,13Jan2050 12:00:00,491.2488708496094,112.273681640625,1316.2041015625,2.3180794095993047,781972224.0,542720.625,106.70513153076172,7.666312217712402,138400.0,10.369999885559082,57.0,643642,579501,746355,1,454155
SS0389_PP173_SM2_BF1_Base,151536.921875,0.22326135635375977,01Sep2011 01:00:00,10Sep2011 23:00:00,491.2488708496094,109.57380676269531,156.45626831054688,,,,68.53605651855469,26.275033950805664,156717.0,4.658999919891357,57.0,1,,,,
SS0388_PP145_SM2_BF1_Base,151416.71875,0.22308416664600372,01Sep2011 01:00:00,10Sep2011 23:00:00,491.2488708496094,109.57384490966797,162.46066284179688,,,,68.53605651855469,26.275033950805664,156717.0,4.658999919891357,57.0,1,,,,
SS0341_PP458_SM5_BF1_Base,164587.46875,0.01998799853026867,06Jan2050 00:00:00,15Jan2050 00:00:00,491.2488708496094,111.33340454101562,162.5678253173828,8.391434202194603,1440250752.0,693190.125,86.4800796508789,69.2726821899414,352400.0,10.109999656677246,57.0,643642,579501,746355,1,454155
SS0389_PP221_SM5_BF1_Base,121968.0390625,0.0330037847161293,06Jan2050 00:00:00,12Jan2050 00:00:00,491.2488708496094,110.21979522705078,162.71566772460938,2.5369628500938433,708515968.0,424514.1875,115.3045883178711,21.181949615478516,153600.0,9.550000190734863,57.0,643642,579501,746355,1,454155
SS0349_PP400_SM5_BF1_Base,175909.96875,0.036937300115823746,06Jan2050 00:00:00,12Jan2050 00:00:00,491.2488708496094,112.69245147705078,150.15638732910156,2.4037949514389174,721144320.0,544218.9375,103.80217742919922,32.23635482788086,78000.0,13.579999923706055,57.0,643642,579501,746355,1,454155
SS0405_PP184_SM5_BF1_Base,140126.859375,0.02370443381369114,06Jan2050 00:00:00,14Jan2050 18:00:00,491.2488708496094,110.60649108886719,1350.4493408203125,2.435096838474285,767212032.0,763514.1875,94.09292602539062,15.673572540283203,113200.0,8.9399995803833,57.0,643642,579501,746355,1,454155
SS0406_PP250_SM5_BF1_Base,109901.28125,0.021919280290603638,06Jan2050 00:00:00,13Jan2050 12:00:00,491.2488708496094,109.81854248046875,1980.3001708984375,5.725477347374035,737466368.0,459734.25,56.9854621887207,35.69658660888672,504000.0,6.21999979019165,57.0,643642,579501,746355,1,454155
SS0388_PP108_SM5_BF1_Base,166793.078125,0.021610470488667488,06Jan2050 00:00:00,13Jan2050 12:00:00,491.2488708496094,113.09894561767578,168.90127563476562,3.1747252249717866,798029376.0,598666.9375,106.70513153076172,29.53134536743164,158400.0,10.829999923706055,57.0,643642,579501,746355,1,454155
SS0373_PP461_SM2_BF1_Base,151526.71875,0.22324632108211517,01Sep2011 01:00:00,10Sep2011 23:00:00,491.2488708496094,109.5738525390625,168.61192321777344,,,,68.53605651855469,26.275033950805664,156717.0,4.658999919891357,57.0,1,,,,
SS0405_PP362_SM5_BF1_Base,144400.125,0.024407610297203064,06Jan2050 00:00:00,14Jan2050 18:00:00,491.2488708496094,111.22037506103516,157.3782501220703,2.6021301388740947,750507584.0,764826.5,94.09292602539062,15.575952529907227,185600.0,9.649999618530273,57.0,643642,579501,746355,1,454155
SS0388_PP434_SM5_BF1_Base,159663.765625,0.020600778982043266,06Jan2050 00:00:00,13Jan2050 12:00:00,491.2488708496094,112.55049133300781,173.34616088867188,2.61141164302826,921873024.0,572915.0,106.70513153076172,67.17113494873047,123600.0,10.170000076293945,57.0,643642,579501,746355,1,454155
SS0412_PP272_SM2_BF1_Base,151490.421875,0.22319281101226807,01Sep2011 01:00:00,10Sep2011 23:00:00,491.2488708496094,109.57389068603516,156.45626831054688,,,,68.53605651855469,26.275033950805664,156717.0,4.658999919891357,57.0,1,,,,
SS0402_PP053_SM2_BF1_Base,151466.6875,0.22315780818462372,01Sep2011 01:00:00,10Sep2011 23:00:00,491.2488708496094,109.57379913330078,155.25436401367188,,,,68.53605651855469,26.275033950805664,156717.0,4.658999919891357,57.0,1,,,,
SS0405_PP177_SM5_BF1_Base,143564.234375,0.024260936304926872,06Jan2050 00:00:00,14Jan2050 18:00:00,491.2488708496094,110.39037322998047,163.02816772460938,2.3095307803154026,758634304.0,756873.5625,94.09292602539062,22.909971237182617,122000.0,8.850000381469727,57.0,643642,579501,746355,1,454155
SS0389_PP198_SM2_BF1_Base,151470.609375,0.22316358983516693,01Sep2011 01:00:00,10Sep2011 23:00:00,491.2488708496094,109.57380676269531,158.2266845703125,,,,68.53605651855469,26.275033950805664,156717.0,4.658999919891357,57.0,1,,,,
SS0402_PP356_SM5_BF1_Base,75371.4140625,0.013952843844890594,06Jan2050 00:00:00,10Jan2050 18:00:00,491.2488708496094,117.05786895751953,156.4915008544922,2.900243933200859,780513344.0,1262365.0,161.0697021484375,42.79923629760742,280400.0,17.760000228881836,57.0,643642,579501,746355,1,454155
SS0358_PP265_SM5_BF1_Base,166690.15625,0.0330398827791214,06Jan2050 00:00:00,13Jan2050 18:00:00,491.2488708496094,110.44705963134766,166.32159423828125,44.201400451674004,1081143296.0,565610.5,79.93624114990234,42.031761169433594,140800.0,7.480000019073486,57.0,643642,579501,746355,1,454155
SS0349_PP326_SM5_BF1_Base,165663.296875,0.034749992191791534,06Jan2050 00:00:00,12Jan2050 00:00:00,491.2488708496094,112.78194427490234,162.90151977539062,3.2397822999954276,717656192.0,511699.15625,103.80217742919922,23.454715728759766,190000.0,13.710000038146973,57.0,643642,579501,746355,1,454155
SS0390_PP215_SM2_BF1_Base,151589.15625,0.22333835065364838,01Sep2011 01:00:00,10Sep2011 23:00:00,491.2488708496094,109.57386779785156,155.25436401367188,,,,68.53605651855469,26.275033950805664,156717.0,4.658999919891357,57.0,1,,,,
SS0413_PP030_SM2_BF1_Base,151600.609375,0.2233552187681198,01Sep2011 01:00:00,10Sep2011 23:00:00,491.2488708496094,109.5738525390625,155.25436401367188,,,,68.53605651855469,26.275033950805664,156717.0,4.658999919891357,57.0,1,,,,
SS0413_PP303_SM2_BF1_Base,151497.5625,0.22320161759853363,01Sep2011 01:00:00,10Sep2011 23:00:00,491.2488708496094,109.57389831542969,155.25436401367188,,,,68.53605651855469,26.275033950805664,156717.0,4.658999919891357,57.0,1,,,,
SS0349_PP445_SM5_BF1_Base,145151.21875,0.030002636834979057,06Jan2050 00:00:00,12Jan2050 00:00:00,491.2488708496094,112.70796203613281,163.0005340576172,3.652561388015797,1162474752.0,555204.25,103.80217742919922,58.78062057495117,178000.0,14.329999923706055,57.0,643642,579501,746355,1,454155
SS0413_PP239_SM2_BF1_Base,151496.59375,0.2232019603252411,01Sep2011 01:00:00,10Sep2011 23:00:00,491.2488708496094,109.57379913330078,155.25436401367188,,,,68.53605651855469,26.275033950805664,156717.0,4.658999919891357,57.0,1,,,,
SS0405_PP038_SM5_BF1_Base,133520.890625,0.0224160049110651,06Jan2050 00:00:00,14Jan2050 18:00:00,491.2488708496094,111.0624008178711,163.75735473632812,2.776569311618808,788545408.0,761943.1875,94.09292602539062,32.767242431640625,185600.0,9.5600004196167,57.0,643642,579501,746355,1,454155
SS0414_PP425_SM5_BF1_Base,92464.890625,0.03392313793301582,06Jan2050 00:00:00,12Jan2050 00:00:00,491.2488708496094,111.10818481445312,159.65159606933594,2.586016335487371,692748032.0,482071.96875,97.87010192871094,10.488457679748535,135600.0,9.829999923706055,57.0,643642,579501,746355,1,454155
SS0413_PP448_SM2_BF1_Base,151972.515625,0.22390353679656982,01Sep2011 01:00:00,10Sep2011 23:00:00,491.2488708496094,109.57395935058594,169.33006286621094,,,,68.53605651855469,26.275033950805664,156717.0,4.658999919891357,57.0,1,,,,
SS0429_PP159_SM5_BF1_Base,91727.390625,0.02417212538421154,06Jan2050 00:00:00,12Jan2050 00:00:00,491.2488708496094,110.9527816772461,166.79830932617188,3.2293052554130557,719738752.0,510851.375,113.4839859008789,31.526935577392578,240400.0,8.5,57.0,643642,579501,746355,1,454155
SS0372_PP325_SM5_BF1_Base,293502.75,0.05094485729932785,06Jan2050 00:00:00,13Jan2050 12:00:00,491.2488708496094,112.67530822753906,161.87310791015625,2.692067861557008,734696256.0,785012.3125,146.9454803466797,18.47933578491211,152800.0,14.6899995803833,57.0,643642,579501,746355,1,454155
SS0429_PP301_SM2_BF1_Base,151539.25,0.22326475381851196,01Sep2011 01:00:00,10Sep2011 23:00:00,491.2488708496094,109.57389068603516,167.0092010498047,,,,68.53605651855469,26.275033950805664,156717.0,4.658999919891357,57.0,1,,,,
SS0429_PP478_SM5_BF1_Base,90358.9140625,0.023805610835552216,06Jan2050 00:00:00,12Jan2050 00:00:00,491.2488708496094,110.52194213867188,158.4307861328125,2.9322588181495886,723844992.0,521659.34375,113.4839859008789,42.1561279296875,194400.0,8.229999542236328,57.0,643642,579501,746355,1,454155
SS0423_PP422_SM2_BF1_Base,151528.6875,0.22324922680854797,01Sep2011 01:00:00,10Sep2011 23:00:00,491.2488708496094,109.57380676269531,160.919677734375,,,,68.53605651855469,26.275033950805664,156717.0,4.658999919891357,57.0,1,,,,
SS0422_PP291_SM5_BF1_Base,136796.984375,0.0225434098392725,06Jan2050 00:00:00,15Jan2050 00:00:00,491.2488708496094,109.75009155273438,161.6592559814453,4.4286946344376,752300224.0,569798.0625,77.44603729248047,27.275470733642578,179600.0,8.220000267028809,57.0,643642,579501,746355,1,454155
SS0413_PP425_SM2_BF1_Base,151572.25,0.22331343591213226,01Sep2011 01:00:00,10Sep2011 23:00:00,491.2488708496094,109.57382202148438,159.32093811035156,,,,68.53605651855469,26.275033950805664,156717.0,4.658999919891357,57.0,1,,,,
SS0429_PP043_SM5_BF1_Base,94450.25,0.02456132508814335,06Jan2050 00:00:00,12Jan2050 00:00:00,491.2488708496094,110.76063537597656,158.21456909179688,2.9969642877578786,967268544.0,527854.5,113.4839859008789,33.96042251586914,156000.0,9.029999732971191,57.0,643642,579501,746355,1,454155
SS0437_PP459_SM2_BF1_Base,151558.34375,0.22329290211200714,01Sep2011 01:00:00,10Sep2011 23:00:00,491.2488708496094,109.57381439208984,162.1829071044922,,,,68.53605651855469,26.275033950805664,156717.0,4.658999919891357,57.0,1,,,,
SS0423_PP024_SM2_BF1_Base,151580.84375,0.22332607209682465,01Sep2011 01:00:00,10Sep2011 23:00:00,491.2488708496094,109.57394409179688,155.25436401367188,,,,68.53605651855469,26.275033950805664,156717.0,4.658999919891357,57.0,1,,,,
SS0429_PP275_SM5_BF1_Base,91180.90625,0.024069834500551224,06Jan2050 00:00:00,12Jan2050 00:00:00,491.2488708496094,110.84654998779297,156.7187957763672,2.3943963718414647,717849024.0,519022.125,113.4839859008789,40.02797317504883,93600.0,8.449999809265137,57.0,643642,579501,746355,1,454155
SS0413_PP484_SM2_BF1_Base,151532.671875,0.22325511276721954,01Sep2011 01:00:00,10Sep2011 23:00:00,491.2488708496094,109.57382202148438,197.37466430664062,,,,68.53605651855469,26.275033950805664,156717.0,4.658999919891357,57.0,1,,,,
SS0374_PP048_SM2_BF1_Base,151531.78125,0.2232537716627121,01Sep2011 01:00:00,10Sep2011 23:00:00,491.2488708496094,109.5738525390625,161.091552734375,,,,68.53605651855469,26.275033950805664,156717.0,4.658999919891357,57.0,1,,,,
SS0429_PP006_SM5_BF1_Base,94557.9296875,0.025180598720908165,06Jan2050 00:00:00,12Jan2050 00:00:00,491.2488708496094,110.69430541992188,167.03054809570312,2.250264465808873,714824448.0,507961.96875,113.4839859008789,19.118371963500977,93600.0,8.300000190734863,57.0,643642,579501,746355,1,454155
SS0422_PP082_SM2_BF1_Base,151571.375,0.223312109708786,01Sep2011 01:00:00,10Sep2011 23:00:00,491.2488708496094,109.57382202148438,162.82469177246094,,,,68.53605651855469,26.275033950805664,156717.0,4.658999919891357,57.0,1,,,,
SS0429_PP494_SM5_BF1_Base,95689.171875,0.02517188899219036,06Jan2050 00:00:00,12Jan2050 00:00:00,491.2488708496094,111.14535522460938,173.22369384765625,2.1487142181396557,711135552.0,527908.8125,113.4839859008789,10.625829696655273,73200.0,9.100000381469727,57.0,643642,579501,746355,1,454155
SS0413_PP219_SM5_BF1_Base,123516.5859375,0.01937628723680973,06Jan2050 00:00:00,13Jan2050 06:00:00,491.2488708496094,112.87890625,160.63780212402344,3.6431628537178122,1700165888.0,1172471.0,106.51344299316406,74.40531158447266,186800.0,15.0600004196167,57.0,643642,579501,746355,1,454155
SS0471_PP145_SM2_BF1_Base,151512.53125,0.22322538495063782,01Sep2011 01:00:00,10Sep2011 23:00:00,491.2488708496094,109.57380676269531,155.25436401367188,,,,68.53605651855469,26.275033950805664,156717.0,4.658999919891357,57.0,1,,,,
SS0429_PP429_SM5_BF1_Base,93809.46875,0.024869002401828766,06Jan2050 00:00:00,12Jan2050 00:00:00,491.2488708496094,110.3122329711914,169.4973602294922,2.4808250617981003,733695872.0,501620.53125,113.4839859008789,29.802148818969727,97600.0,8.229999542236328,57.0,643642,579501,746355,1,454155
SS0471_PP367_SM5_BF1_Base,279803.3125,0.047781381756067276,06Jan2050 00:00:00,10Jan2050 12:00:00,491.2488708496094,116.47036743164062,167.55796813964844,2.765283966064456,738230848.0,896003.0,162.43870544433594,29.9163818359375,79600.0,21.420000076293945,57.0,643642,579501,746355,1,454155
SS0413_PP345_SM2_BF1_Base,151520.078125,0.22323648631572723,01Sep2011 01:00:00,10Sep2011 23:00:00,491.2488708496094,109.57389831542969,155.25436401367188,,,,68.53605651855469,26.275033950805664,156717.0,4.658999919891357,57.0,1,,,,
SS0452_PP116_SM2_BF1_Base,151603.734375,0.2233598232269287,01Sep2011 01:00:00,10Sep2011 23:00:00,491.2488708496094,109.57381439208984,155.25436401367188,,,,68.53605651855469,26.275033950805664,156717.0,4.658999919891357,57.0,1,,,,
SS0429_PP418_SM5_BF1_Base,93791.0,0.024790920317173004,06Jan2050 00:00:00,12Jan2050 00:00:00,491.2488708496094,111.03519439697266,158.10910034179688,2.2269414591789682,712214336.0,518624.8125,113.4839859008789,36.328346252441406,68800.0,8.569999694824219,57.0,643642,579501,746355,1,454155
SS0429_PP404_SM2_BF1_Base,151567.171875,0.2233041673898697,01Sep2011 01:00:00,10Sep2011 23:00:00,491.2488708496094,109.57382202148438,162.11949157714844,,,,68.53605651855469,26.275033950805664,156717.0,4.658999919891357,57.0,1,,,,
SS0429_PP273_SM5_BF1_Base,92071.0625,0.024039948359131813,06Jan2050 00:00:00,12Jan2050 00:00:00,491.2488708496094,111.09213256835938,168.9351806640625,3.7433404707908795,718789056.0,522420.1875,113.4839859008789,41.00926971435547,315200.0,8.640000343322754,57.0,643642,579501,746355,1,454155
SS0423_PP285_SM5_BF1_Base,94385.328125,0.035720448940992355,06Jan2050 00:00:00,12Jan2050 06:00:00,491.2488708496094,108.16807556152344,157.07351684570312,107.30100746155584,680012608.0,209003.671875,47.71842956542969,16.327030181884766,239600.0,4.760000228881836,57.0,643642,579501,746355,1,454155
SS0429_PP015_SM2_BF1_Base,151510.875,0.22322297096252441,01Sep2011 01:00:00,10Sep2011 23:00:00,491.2488708496094,109.57379150390625,166.3738250732422,,,,68.53605651855469,26.275033950805664,156717.0,4.658999919891357,57.0,1,,,,
SS0445_PP022_SM5_BF1_Base,129870.5703125,0.029365913942456245,06Jan2050 00:00:00,14Jan2050 18:00:00,491.2488708496094,107.55523681640625,161.45339965820312,2.459364354610448,685612416.0,218742.484375,107.43617248535156,5.451126575469971,125200.0,4.559999942779541,57.0,643642,579501,746355,1,454155
SS0438_PP176_SM2_BF1_Base,151558.671875,0.22329342365264893,01Sep2011 01:00:00,10Sep2011 23:00:00,491.2488708496094,109.57384490966797,162.98802185058594,,,,68.53605651855469,26.275033950805664,156717.0,4.658999919891357,57.0,1,,,,
SS0474_PP048_SM2_BF1_Base,151485.9375,0.22318623960018158,01Sep2011 01:00:00,10Sep2011 23:00:00,491.2488708496094,109.57386779785156,155.25436401367188,,,,68.53605651855469,26.275033950805664,156717.0,4.658999919891357,57.0,1,,,,
SS0508_PP062_SM5_BF1_Base,115063.0625,0.017801670357584953,06Jan2050 00:00:00,13Jan2050 12:00:00,491.2488708496094,112.81949615478516,161.09512329101562,3.6697412037850357,800411392.0,949923.3125,106.47510528564453,42.19392013549805,132000.0,9.720000267028809,57.0,643642,579501,746355,1,454155
SS0479_PP019_SM5_BF1_Base,371859.46875,0.04646490514278412,06Jan2050 00:00:00,13Jan2050 18:00:00,491.2488708496094,113.33355712890625,164.85780334472656,7.794872126579804,1342157056.0,653371.875,132.7310333251953,64.7611312866211,128800.0,15.029999732971191,57.0,643642,579501,746355,1,454155
SS0482_PP062_SM5_BF1_Base,122203.9765625,0.02781381458044052,06Jan2050 00:00:00,13Jan2050 18:00:00,491.2488708496094,108.2323226928711,164.7546844482422,343.19474212647646,702596928.0,386176.21875,59.06268310546875,35.00111389160156,386400.0,6.349999904632568,57.0,643642,579501,746355,1,454155
SS0474_PP230_SM5_BF1_Base,139879.484375,0.024102283641695976,06Jan2050 00:00:00,13Jan2050 12:00:00,491.2488708496094,110.59829711914062,162.62307739257812,47.36652645111113,722503104.0,392806.75,83.20645141601562,36.34496307373047,182400.0,8.220000267028809,57.0,643642,579501,746355,1,454155
SS0447_PP042_SM2_BF1_Base,151502.640625,0.22321079671382904,01Sep2011 01:00:00,10Sep2011 23:00:00,491.2488708496094,109.57391357421875,176.08029174804688,,,,68.53605651855469,26.275033950805664,156717.0,4.658999919891357,57.0,1,,,,
SS0482_PP458_SM5_BF1_Base,126024.09375,0.028427427634596825,06Jan2050 00:00:00,13Jan2050 18:00:00,491.2488708496094,109.43016052246094,161.96241760253906,203.09272079469153,1042009088.0,376490.40625,59.06268310546875,36.1298713684082,100800.0,6.739999771118164,57.0,643642,579501,746355,1,454155
SS0500_PP361_SM5_BF1_Base,193967.703125,0.03132184222340584,06Jan2050 00:00:00,13Jan2050 18:00:00,491.2488708496094,110.50089263916016,2250.15380859375,2.972662329673785,777682880.0,623493.0625,135.05349731445312,30.679386138916016,157200.0,10.970000267028809,57.0,643642,579501,746355,1,454155
SS0506_PP008_SM5_BF1_Base,96305.1171875,0.01870761066675186,06Jan2050 00:00:00,13Jan2050 06:00:00,491.2488708496094,112.9373550415039,160.64768981933594,3.046735608577758,805286592.0,523092.1875,174.65943908691406,54.22633361816406,126000.0,11.920000076293945,57.0,643642,579501,746355,1,454155
SS0487_PP008_SM5_BF1_Base,171869.65625,0.035477083176374435,06Jan2050 00:00:00,15Jan2050 00:00:00,491.2488708496094,107.5487289428711,172.076904296875,8.147818698883773,682697664.0,374925.4375,113.076171875,45.124229431152344,158400.0,10.4399995803833,57.0,643642,579501,746355,1,454155
SS0500_PP118_SM5_BF1_Base,142125.015625,0.022859469056129456,06Jan2050 00:00:00,13Jan2050 18:00:00,491.2488708496094,111.24430847167969,167.61940002441406,3.161453723907478,791894144.0,587923.875,135.05349731445312,46.75950241088867,190800.0,11.600000381469727,57.0,643642,579501,746355,1,454155
SS0496_PP345_SM5_BF1_Base,118190.375,0.027866045013070107,06Jan2050 00:00:00,13Jan2050 18:00:00,491.2488708496094,108.48252868652344,167.7988739013672,43.24403770446933,697472960.0,434163.34375,52.219486236572266,23.706409454345703,198800.0,4.760000228881836,57.0,643642,579501,746355,1,454155
SS0503_PP186_SM2_BF1_Base,151561.484375,0.22329750657081604,01Sep2011 01:00:00,10Sep2011 23:00:00,491.2488708496094,109.5738525390625,155.25436401367188,,,,68.53605651855469,26.275033950805664,156717.0,4.658999919891357,57.0,1,,,,
SS0508_PP248_SM5_BF1_Base,142889.28125,0.022560512647032738,06Jan2050 00:00:00,13Jan2050 12:00:00,491.2488708496094,112.34315490722656,160.62161254882812,3.08879400491716,770978112.0,951501.125,106.47510528564453,32.51291275024414,172400.0,9.6899995803833,57.0,643642,579501,746355,1,454155
SS0499_PP106_SM2_BF1_Base,151558.140625,0.22329264879226685,01Sep2011 01:00:00,10Sep2011 23:00:00,491.2488708496094,109.57392883300781,155.25436401367188,,,,68.53605651855469,26.275033950805664,156717.0,4.658999919891357,57.0,1,,,,
SS0503_PP054_SM5_BF1_Base,111618.546875,0.03194018080830574,06Jan2050 00:00:00,13Jan2050 06:00:00,491.2488708496094,107.68656158447266,161.03968811035156,3.248157544136071,694179520.0,337275.0,68.14193725585938,31.23223114013672,129200.0,5.420000076293945,57.0,643642,579501,746355,1,454155
SS0500_PP147_SM5_BF1_Base,190163.53125,0.03076871670782566,06Jan2050 00:00:00,13Jan2050 18:00:00,491.2488708496094,110.80366516113281,170.2392120361328,3.2279204988479617,776124864.0,608628.625,135.05349731445312,35.264610290527344,276000.0,11.720000267028809,57.0,643642,579501,746355,1,454155
SS0503_PP328_SM2_BF1_Base,151520.078125,0.2232365608215332,01Sep2011 01:00:00,10Sep2011 23:00:00,491.2488708496094,109.5738296508789,166.3738250732422,,,,68.53605651855469,26.275033950805664,156717.0,4.658999919891357,57.0,1,,,,
SS0503_PP104_SM5_BF1_Base,111473.703125,0.03200019896030426,06Jan2050 00:00:00,13Jan2050 06:00:00,491.2488708496094,107.69788360595703,155.694580078125,4.6092889595032265,693751616.0,358231.125,68.14193725585938,15.472707748413086,480000.0,5.050000190734863,57.0,643642,579501,746355,1,454155
SS0502_PP199_SM2_BF1_Base,151515.125,0.22322925925254822,01Sep2011 01:00:00,10Sep2011 23:00:00,491.2488708496094,109.57404327392578,161.0461883544922,,,,68.53605651855469,26.275033950805664,156717.0,4.658999919891357,57.0,1,,,,
SS0516_PP116_SM2_BF1_Base,151571.9375,0.2233128845691681,01Sep2011 01:00:00,10Sep2011 23:00:00,491.2488708496094,109.5738296508789,174.9409637451172,,,,68.53605651855469,26.275033950805664,156717.0,4.658999919891357,57.0,1,,,,
SS0521_PP308_SM2_BF1_Base,151467.234375,0.22315867245197296,01Sep2011 01:00:00,10Sep2011 23:00:00,491.2488708496094,109.57384490966797,155.25436401367188,,,,68.53605651855469,26.275033950805664,156717.0,4.658999919891357,57.0,1,,,,
SS0422_PP215_SM5_BF1_Base,139522.109375,0.023026710376143456,06Jan2050 00:00:00,15Jan2050 00:00:00,491.2488708496094,110.30082702636719,156.2411651611328,8.88766148567206,746921280.0,580888.25,77.44603729248047,15.050087928771973,347200.0,8.609999656677246,57.0,643642,579501,746355,1,454155
SS0516_PP255_SM2_BF1_Base,151492.734375,0.22319620847702026,01Sep2011 01:00:00,10Sep2011 23:00:00,491.2488708496094,109.57380676269531,155.25436401367188,,,,68.53605651855469,26.275033950805664,156717.0,4.658999919891357,57.0,1,,,,
SS0413_PP006_SM2_BF1_Base,151593.296875,0.22334448993206024,01Sep2011 01:00:00,10Sep2011 23:00:00,491.2488708496094,109.57395935058594,161.44491577148438,,,,68.53605651855469,26.275033950805664,156717.0,4.658999919891357,57.0,1,,,,
SS0530_PP264_SM2_BF1_Base,151400.5,0.2230602651834488,01Sep2011 01:00:00,10Sep2011 23:00:00,491.2488708496094,109.5738296508789,174.85995483398438,,,,68.53605651855469,26.275033950805664,156717.0,4.658999919891357,57.0,1,,,,
SS0573_PP216_SM2_BF1_Base,151482.9375,0.22318178415298462,01Sep2011 01:00:00,10Sep2011 23:00:00,491.2488708496094,109.57383728027344,161.19602966308594,,,,68.53605651855469,26.275033950805664,156717.0,4.658999919891357,57.0,1,,,,
SS0529_PP214_SM2_BF1_Base,151470.859375,0.22316400706768036,01Sep2011 01:00:00,10Sep2011 23:00:00,491.2488708496094,109.5738525390625,155.25436401367188,,,,68.53605651855469,26.275033950805664,156717.0,4.658999919891357,57.0,1,,,,
SS0516_PP390_SM5_BF1_Base,95064.015625,0.01519080251455307,06Jan2050 00:00:00,13Jan2050 18:00:00,491.2488708496094,111.77761840820312,165.74053955078125,4.062644734382636,805107456.0,591171.375,85.4074478149414,46.66183090209961,206000.0,10.59000015258789,57.0,643642,579501,746355,1,454155
SS0509_PP082_SM5_BF1_Base,146637.03125,0.025724725797772408,06Jan2050 00:00:00,15Jan2050 00:00:00,491.2488708496094,108.91580200195312,156.51272583007812,3.473785486221402,728312128.0,377278.1875,83.53229522705078,15.507267951965332,177200.0,6.099999904632568,57.0,643642,579501,746355,1,454155
SS0569_PP474_SM2_BF1_Base,151573.25,0.22331488132476807,01Sep2011 01:00:00,10Sep2011 23:00:00,491.2488708496094,109.57386016845703,166.3738250732422,,,,68.53605651855469,26.275033950805664,156717.0,4.658999919891357,57.0,1,,,,
SS0535_PP035_SM5_BF1_Base,135209.875,0.017354847863316536,06Jan2050 00:00:00,14Jan2050 18:00:00,491.2488708496094,112.98515319824219,2520.832275390625,2.681768925190007,788232896.0,792025.5,151.5471649169922,38.32756042480469,72400.0,12.920000076293945,57.0,643642,579501,746355,1,454155
SS0535_PP405_SM3_BF1_Base,152620.984375,0.019819628447294235,06Jan2050 00:00:00,14Jan2050 18:00:00,491.2488708496094,113.30918884277344,164.2567138671875,3.5597566080093443,782768064.0,772169.5625,151.5471649169922,79.41445922851562,274000.0,13.050000190734863,57.0,643699,663865,746408,1,454318
SS0550_PP105_SM2_BF1_Base,151516.046875,0.22323058545589447,01Sep2011 01:00:00,10Sep2011 23:00:00,491.2488708496094,109.57381439208984,166.48431396484375,,,,68.53605651855469,26.275033950805664,156717.0,4.658999919891357,57.0,1,,,,
SS0508_PP273_SM5_BF1_Base,117370.1953125,0.018345341086387634,06Jan2050 00:00:00,13Jan2050 12:00:00,491.2488708496094,112.92707061767578,168.47756958007812,4.831738910675108,798269760.0,943777.9375,106.47510528564453,42.81654357910156,301600.0,9.75,57.0,643642,579501,746355,1,454155
SS0549_PP419_SM5_BF1_Base,207793.484375,0.05122976005077362,06Jan2050 00:00:00,10Jan2050 12:00:00,491.2488708496094,111.89520263671875,166.3437957763672,2.781410844326025,687568768.0,1407856.0,207.00747680664062,13.467630386352539,200800.0,24.639999389648438,57.0,643699,663865,746408,1,454318
SS0544_PP025_SM2_BF1_Base,151562.75,0.22329944372177124,01Sep2011 01:00:00,10Sep2011 23:00:00,491.2488708496094,109.5738296508789,162.21279907226562,,,,68.53605651855469,26.275033950805664,156717.0,4.658999919891357,57.0,1,,,,
SS0544_PP496_SM2_BF1_Base,151590.03125,0.22333955764770508,01Sep2011 01:00:00,10Sep2011 23:00:00,491.2488708496094,109.5738525390625,155.25436401367188,,,,68.53605651855469,26.275033950805664,156717.0,4.658999919891357,57.0,1,,,,
SS0544_PP468_SM2_BF1_Base,151438.953125,0.22311696410179138,01Sep2011 01:00:00,10Sep2011 23:00:00,491.2488708496094,109.57380676269531,155.25436401367188,,,,68.53605651855469,26.275033950805664,156717.0,4.658999919891357,57.0,1,,,,
SS0558_PP204_SM2_BF1_Base,151477.5,0.22317378222942352,01Sep2011 01:00:00,10Sep2011 23:00:00,491.2488708496094,109.57389068603516,167.49423217773438,,,,68.53605651855469,26.275033950805664,156717.0,4.658999919891357,57.0,1,,,,
SS0559_PP280_SM5_BF1_Base,97892.3046875,0.033855583518743515,06Jan2050 00:00:00,10Jan2050 18:00:00,491.2488708496094,108.0230712890625,166.75128173828125,2.439115812778483,665990912.0,433965.65625,136.1907501220703,10.739448547363281,90400.0,12.210000038146973,57.0,643642,579501,746355,1,454155
SS0549_PP076_SM1_BF1_Base,209484.5,0.05143565312027931,06Jan2050 00:00:00,10Jan2050 12:00:00,491.2488708496094,111.63713073730469,171.1225128173828,2.4234609150886617,686215040.0,1424941.0,207.00747680664062,5.757719039916992,150400.0,24.459999084472656,57.0,643699,663865,746408,1,454318
SS0581_PP464_SM5_BF1_Base,122224.8984375,0.024251475930213928,06Jan2050 00:00:00,11Jan2050 18:00:00,491.2488708496094,113.24652862548828,168.83888244628906,2.367234437465685,777091264.0,1076769.75,143.90179443359375,60.31231689453125,82400.0,12.930000305175781,57.0,643642,579501,746355,1,454155
SS0544_PP402_SM2_BF1_Base,151457.265625,0.22314389050006866,01Sep2011 01:00:00,10Sep2011 23:00:00,491.2488708496094,109.57379913330078,155.25436401367188,,,,68.53605651855469,26.275033950805664,156717.0,4.658999919891357,57.0,1,,,,
SS0583_PP343_SM5_BF1_Base,150589.609375,0.023934029042720795,06Jan2050 00:00:00,13Jan2050 12:00:00,491.2488708496094,111.0008773803711,168.67808532714844,2.0735197162628243,756063296.0,799566.8125,90.11675262451172,9.80158805847168,76000.0,8.510000228881836,57.0,643642,579501,746355,1,454155
SS0566_PP082_SM2_BF1_Base,151476.875,0.22317281365394592,01Sep2011 01:00:00,10Sep2011 23:00:00,491.2488708496094,109.57395935058594,161.19602966308594,,,,68.53605651855469,26.275033950805664,156717.0,4.658999919891357,57.0,1,,,,
SS0566_PP019_SM5_BF1_Base,137979.65625,0.031325194984674454,06Jan2050 00:00:00,10Jan2050 12:00:00,491.2488708496094,114.94709014892578,157.70468139648438,3.576072623729719,719883072.0,772259.4375,150.26190185546875,44.40480422973633,214800.0,17.979999542236328,57.0,643642,579501,746355,1,454155
SS0591_PP261_SM2_BF1_Base,151529.359375,0.2232501357793808,01Sep2011 01:00:00,10Sep2011 23:00:00,491.2488708496094,109.57386016845703,155.25436401367188,,,,68.53605651855469,26.275033950805664,156717.0,4.658999919891357,57.0,1,,,,
SS0568_PP354_SM5_BF1_Base,152922.28125,0.03876974433660507,06Jan2050 00:00:00,15Jan2050 00:00:00,491.2488708496094,107.34879302978516,160.81869506835938,176.097072143555,668451904.0,480996.40625,87.14854431152344,9.227473258972168,107600.0,7.190000057220459,57.0,643642,579501,746355,1,454155
SS0535_PP250_SM2_BF1_Base,151559.6875,0.22329488396644592,01Sep2011 01:00:00,10Sep2011 23:00:00,491.2488708496094,109.5738525390625,155.25436401367188,,,,68.53605651855469,26.275033950805664,156717.0,4.658999919891357,57.0,1,,,,
SS0576_PP342_SM2_BF1_Base,151531.75,0.22325368225574493,01Sep2011 01:00:00,10Sep2011 23:00:00,491.2488708496094,109.57379913330078,161.8371124267578,,,,68.53605651855469,26.275033950805664,156717.0,4.658999919891357,57.0,1,,,,
SS0593_PP211_SM2_BF1_Base,151540.171875,0.22326615452766418,01Sep2011 01:00:00,10Sep2011 23:00:00,491.2488708496094,109.57386016845703,155.25436401367188,,,,68.53605651855469,26.275033950805664,156717.0,4.658999919891357,57.0,1,,,,
SS0626_PP287_SM4_BF1_Base,174866.59375,0.037571895867586136,06Jan2050 00:00:00,10Jan2050 12:00:00,491.2488708496094,114.97160339355469,172.78863525390625,2.844807755947113,904171584.0,765716.0625,218.03871154785156,30.383434295654297,145200.0,21.540000915527344,57.0,643699,663865,746408,1,454318
SS0644_PP132_SM2_BF1_Base,151588.328125,0.2233371138572693,01Sep2011 01:00:00,10Sep2011 23:00:00,491.2488708496094,109.57381439208984,162.02066040039062,,,,68.53605651855469,26.275033950805664,156717.0,4.658999919891357,57.0,1,,,,
SS0637_PP285_SM5_BF1_Base,136409.796875,0.028760263696312904,06Jan2050 00:00:00,14Jan2050 18:00:00,491.2488708496094,107.20036315917969,162.9645538330078,3.4500293374064612,709265664.0,480635.84375,91.57740783691406,15.093254089355469,93600.0,5.880000114440918,57.0,643642,579501,746355,1,454155
SS0606_PP253_SM2_BF1_Base,151614.21875,0.2233753204345703,01Sep2011 01:00:00,10Sep2011 23:00:00,491.2488708496094,109.57386779785156,155.25436401367188,,,,68.53605651855469,26.275033950805664,156717.0,4.658999919891357,57.0,1,,,,
SS0599_PP441_SM5_BF1_Base,131425.0625,0.02384578250348568,06Jan2050 00:00:00,13Jan2050 12:00:00,491.2488708496094,113.71554565429688,2253.626220703125,3.300875184535997,771187008.0,445573.1875,100.84423065185547,28.753700256347656,188800.0,11.65999984741211,57.0,643642,579501,746355,1,454155
SS0608_PP261_SM2_BF1_Base,151426.640625,0.2230970859527588,01Sep2011 01:00:00,10Sep2011 23:00:00,491.2488708496094,109.57380676269531,155.25436401367188,,,,68.53605651855469,26.275033950805664,156717.0,4.658999919891357,57.0,1,,,,
SS0544_PP370_SM5_BF1_Base,74561.359375,0.02533433772623539,06Jan2050 00:00:00,10Jan2050 18:00:00,491.2488708496094,108.30989837646484,156.53500366210938,3.012231929302277,689685120.0,278588.15625,97.37618255615234,14.789031028747559,124000.0,5.920000076293945,57.0,643642,579501,746355,1,454155
SS0599_PP186_SM5_BF1_Base,131375.8125,0.023849720135331154,06Jan2050 00:00:00,13Jan2050 12:00:00,491.2488708496094,113.1996078491211,1650.1468505859375,2.3355962395668217,768420672.0,445165.71875,100.84423065185547,38.47589111328125,93600.0,11.529999732971191,57.0,643642,579501,746355,1,454155
SS0437_PP056_SM2_BF1_Base,151546.671875,0.22327397763729095,01Sep2011 01:00:00,10Sep2011 23:00:00,491.2488708496094,109.57381439208984,172.08018493652344,,,,68.53605651855469,26.275033950805664,156717.0,4.658999919891357,57.0,1,,,,
SS0622_PP331_SM5_BF1_Base,234700.0625,0.028160033747553825,06Jan2050 00:00:00,13Jan2050 12:00:00,491.2488708496094,113.15699768066406,169.35401916503906,5.056292653083854,795399488.0,780841.875,108.47943878173828,24.150360107421875,504000.0,13.710000038146973,57.0,643642,579501,746355,1,454155
SS0576_PP230_SM2_BF1_Base,151546.390625,0.2232753038406372,01Sep2011 01:00:00,10Sep2011 23:00:00,491.2488708496094,109.57392120361328,167.1818389892578,,,,68.53605651855469,26.275033950805664,156717.0,4.658999919891357,57.0,1,,,,
SS0592_PP393_SM2_BF1_Base,151592.265625,0.22334299981594086,01Sep2011 01:00:00,10Sep2011 23:00:00,491.2488708496094,109.57386016845703,155.25436401367188,,,,68.53605651855469,26.275033950805664,156717.0,4.658999919891357,57.0,1,,,,
SS0644_PP021_SM2_BF1_Base,151430.34375,0.22310426831245422,01Sep2011 01:00:00,10Sep2011 23:00:00,491.2488708496094,109.57382202148438,161.26260375976562,,,,68.53605651855469,26.275033950805664,156717.0,4.658999919891357,57.0,1,,,,
SS0599_PP282_SM5_BF1_Base,133207.734375,0.024288112297654152,06Jan2050 00:00:00,13Jan2050 12:00:00,491.2488708496094,112.98392486572266,168.43026733398438,2.8274571490287785,768290048.0,430476.125,100.84423065185547,21.045757293701172,178400.0,11.420000076293945,57.0,643642,579501,746355,1,454155
SS0535_PP110_SM2_BF1_Base,151559.25,0.2232942432165146,01Sep2011 01:00:00,10Sep2011 23:00:00,491.2488708496094,109.57380676269531,167.34091186523438,,,,68.53605651855469,26.275033950805664,156717.0,4.658999919891357,57.0,1,,,,
SS0502_PP343_SM5_BF1_Base,179583.921875,0.02764817886054516,06Jan2050 00:00:00,15Jan2050 00:00:00,491.2488708496094,108.75212097167969,165.01805114746094,2.7870217275619553,726130752.0,496063.15625,88.54426574707031,9.617897987365723,119600.0,7.039999961853027,57.0,643642,579501,746355,1,454155
SS0600_PP212_SM2_BF1_Base,151532.453125,0.2232547104358673,01Sep2011 01:00:00,10Sep2011 23:00:00,491.2488708496094,109.57382202148438,211.26182556152344,,,,68.53605651855469,26.275033950805664,156717.0,4.658999919891357,57.0,1,,,,
SS0630_PP287_SM5_BF1_Base,126808.34375,0.02727571129798889,06Jan2050 00:00:00,12Jan2050 00:00:00,491.2488708496094,111.23677062988281,161.9724578857422,3.5909538197517707,859234176.0,686871.6875,102.75154113769531,24.935405731201172,206400.0,10.029999732971191,57.0,643642,579501,746355,1,454155
SS0544_PP080_SM2_BF1_Base,151508.65625,0.22321973741054535,01Sep2011 01:00:00,10Sep2011 23:00:00,491.2488708496094,109.57380676269531,155.25436401367188,,,,68.53605651855469,26.275033950805664,156717.0,4.658999919891357,57.0,1,,,,
